Workbook

Sheet Sheet1
A1: sr no | B1: Name | C1: Gender | D1: Marks in english | E1: Marks in maths | F1: Marks in science | G1: Marks in cs | H1: Total | I1: Percentage | J1: Result | K1: grade | L1: Rank
A2: 1 | B2: chinmay | C2: M | D2: 73 | E2: 84 | F2: 43 | G2: 98 | H2: =SUM(D2:F2) -> 200 | I2: =AVERAGE(D1:E2:F2) -> 66.666667 | J2: =IF(AND(D2>=50,E2>=50,F2>=50,G2>=50),"PASS","FAIL") -> FAIL | K2: =IF(J2="FAIL","",(IF(I2>90,"A+",IF(I2>80,"A",IF(I2>70,"B+",IF(I2>60,"B","C")))))) | L2: =IF(J2="FAIL","",RANK(I2,$I$2:$I$21,0))
A3: 2 | B3: Shella | C3: F | D3: 46 | E3: 56 | F3: 65 | G3: 89 | H3: =SUM(D3:F3) -> 167 | I3: =AVERAGE(D2:E3:F3) -> 61.166667 | J3: =IF(AND(D3>=50,E3>=50,F3>=50,G3>=50),"PASS","FAIL") -> FAIL | K3: =IF(J3="FAIL","",(IF(I3>90,"A+",IF(I3>80,"A",IF(I3>70,"B+",IF(I3>60,"B","C")))))) | L3: =IF(J3="FAIL","",RANK(I3,$I$2:$I$21,0))
A4: 3 | B4: Nirmala | C4: F | D4: 89 | E4: 87 | F4: 56 | G4: 78 | H4: =SUM(D4:F4) -> 232 | I4: =AVERAGE(D3:E4:F4) -> 66.5 | J4: =IF(AND(D4>=50,E4>=50,F4>=50,G4>=50),"PASS","FAIL") -> PASS | K4: =IF(J4="FAIL","",(IF(I4>90,"A+",IF(I4>80,"A",IF(I4>70,"B+",IF(I4>60,"B","C")))))) -> B | L4: =IF(J4="FAIL","",RANK(I4,$I$2:$I$21,0)) -> 18
A5: 4 | B5: Jyoti | C5: F | D5: 87 | E5: 78 | F5: 76 | G5: 86 | H5: =SUM(D5:F5) -> 241 | I5: =AVERAGE(D4:E5:F5) -> 78.833333 | J5: =IF(AND(D5>=50,E5>=50,F5>=50,G5>=50),"PASS","FAIL") -> PASS | K5: =IF(J5="FAIL","",(IF(I5>90,"A+",IF(I5>80,"A",IF(I5>70,"B+",IF(I5>60,"B","C")))))) -> B+ | L5: =IF(J5="FAIL","",RANK(I5,$I$2:$I$21,0)) -> 5
A6: 5 | B6: Saraswati | C6: F | D6: 67 | E6: 67 | F6: 67 | G6: 68 | H6: =SUM(D6:F6) -> 201 | I6: =AVERAGE(D5:E6:F6) -> 73.666667 | J6: =IF(AND(D6>=50,E6>=50,F6>=50,G6>=50),"PASS","FAIL") -> PASS | K6: =IF(J6="FAIL","",(IF(I6>90,"A+",IF(I6>80,"A",IF(I6>70,"B+",IF(I6>60,"B","C")))))) -> B+ | L6: =IF(J6="FAIL","",RANK(I6,$I$2:$I$21,0)) -> 11
A7: 6 | B7: Rakhi | C7: F | D7: 78 | E7: 66 | F7: 86 | G7: 65 | H7: =SUM(D7:F7) -> 230 | I7: =AVERAGE(D6:E7:F7) -> 71.833333 | J7: =IF(AND(D7>=50,E7>=50,F7>=50,G7>=50),"PASS","FAIL") -> PASS | K7: =IF(J7="FAIL","",(IF(I7>90,"A+",IF(I7>80,"A",IF(I7>70,"B+",IF(I7>60,"B","C")))))) -> B+ | L7: =IF(J7="FAIL","",RANK(I7,$I$2:$I$21,0)) -> 13
A8: 7 | B8: Sakhi | C8: F | D8: 78 | E8: 76 | F8: 86 | G8: 65 | H8: =SUM(D8:F8) -> 240 | I8: =AVERAGE(D7:E8:F8) -> 78.333333 | J8: =IF(AND(D8>=50,E8>=50,F8>=50,G8>=50),"PASS","FAIL") -> PASS | K8: =IF(J8="FAIL","",(IF(I8>90,"A+",IF(I8>80,"A",IF(I8>70,"B+",IF(I8>60,"B","C")))))) -> B+ | L8: =IF(J8="FAIL","",RANK(I8,$I$2:$I$21,0)) -> 7
A9: 8 | B9: Sakshi | C9: F | D9: 95 | E9: 56 | F9: 57 | G9: 59 | H9: =SUM(D9:F9) -> 208 | I9: =AVERAGE(D8:E9:F9) -> 74.666667 | J9: =IF(AND(D9>=50,E9>=50,F9>=50,G9>=50),"PASS","FAIL") -> PASS | K9: =IF(J9="FAIL","",(IF(I9>90,"A+",IF(I9>80,"A",IF(I9>70,"B+",IF(I9>60,"B","C")))))) -> B+ | L9: =IF(J9="FAIL","",RANK(I9,$I$2:$I$21,0)) -> 10
A10: 9 | B10: Shreya | C10: F | D10: 89 | E10: 97 | F10: 98 | G10: 97 | H10: =SUM(D10:F10) -> 284 | I10: =AVERAGE(D9:E10:F10) -> 82 | J10: =IF(AND(D10>=50,E10>=50,F10>=50,G10>=50),"PASS","FAIL") -> PASS | K10: =IF(J10="FAIL","",(IF(I10>90,"A+",IF(I10>80,"A",IF(I10>70,"B+",IF(I10>60,"B","C")))))) -> A | L10: =IF(J10="FAIL","",RANK(I10,$I$2:$I$21,0)) -> 4
A11: 10 | B11: Rani | C11: F | D11: 87 | E11: 96 | F11: 77 | G11: 87 | H11: =SUM(D11:F11) -> 260 | I11: =AVERAGE(D10:E11:F11) -> 90.666667 | J11: =IF(AND(D11>=50,E11>=50,F11>=50,G11>=50),"PASS","FAIL") -> PASS | K11: =IF(J11="FAIL","",(IF(I11>90,"A+",IF(I11>80,"A",IF(I11>70,"B+",IF(I11>60,"B","C")))))) -> A+ | L11: =IF(J11="FAIL","",RANK(I11,$I$2:$I$21,0)) -> 1
A12: 11 | B12: Pari | C12: F | D12: 67 | E12: 95 | F12: 86 | G12: 67 | H12: =SUM(D12:F12) -> 248 | I12: =AVERAGE(D11:E12:F12) -> 84.666667 | J12: =IF(AND(D12>=50,E12>=50,F12>=50,G12>=50),"PASS","FAIL") -> PASS | K12: =IF(J12="FAIL","",(IF(I12>90,"A+",IF(I12>80,"A",IF(I12>70,"B+",IF(I12>60,"B","C")))))) -> A | L12: =IF(J12="FAIL","",RANK(I12,$I$2:$I$21,0)) -> 2
A13: 12 | B13: Shitij | C13: M | D13: 76 | E13: 45 | F13: 67 | G13: 76 | H13: =SUM(D13:F13) -> 188 | I13: =AVERAGE(D12:E13:F13) -> 72.666667 | J13: =IF(AND(D13>=50,E13>=50,F13>=50,G13>=50),"PASS","FAIL") -> FAIL | K13: =IF(J13="FAIL","",(IF(I13>90,"A+",IF(I13>80,"A",IF(I13>70,"B+",IF(I13>60,"B","C")))))) | L13: =IF(J13="FAIL","",RANK(I13,$I$2:$I$21,0))
... A21: 20 | B21: Harshal | C21: M | D21: 98 | E21: 56 | F21: 98 | G21: 56 | H21: =SUM(D21:F21) -> 252 | I21: =AVERAGE(D20:E21:F21) -> 75.333333 | J21: =IF(AND(D21>=50,E21>=50,F21>=50,G21>=50),"PASS","FAIL") -> PASS | K21: =IF(J21="FAIL","",(IF(I21>90,"A+",IF(I21>80,"A",IF(I21>70,"B+",IF(I21>60,"B","C")))))) -> B+ | L21: =IF(J21="FAIL","",RANK(I21,$I$2:$I$21,0)) -> 9

Sheet Sheet2
A1: sr no | B1: name | C1: total | D1: result
A2: 1 | B2: =VLOOKUP(A2,Sheet1!A2:L21,2,FALSE) -> chinmay | C2: =VLOOKUP(A2,Sheet1!A2:L21,8,FALSE) -> 200 | D2: =VLOOKUP(A2,Sheet1!A2:L21,10,FALSE) -> FAIL
A3: 2 | B3: =VLOOKUP(A3,Sheet1!A3:L22,2,FALSE) -> Shella | C3: =VLOOKUP(A3,Sheet1!A3:L22,8,FALSE) -> 167 | D3: =VLOOKUP(A3,Sheet1!A3:L22,10,FALSE) -> FAIL
A4: 3 | B4: =VLOOKUP(A4,Sheet1!A4:L23,2,FALSE) -> Nirmala | C4: =VLOOKUP(A4,Sheet1!A4:L23,8,FALSE) -> 232 | D4: =VLOOKUP(A4,Sheet1!A4:L23,10,FALSE) -> PASS
A5: 4 | B5: =VLOOKUP(A5,Sheet1!A5:L24,2,FALSE) -> Jyoti | C5: =VLOOKUP(A5,Sheet1!A5:L24,8,FALSE) -> 241 | D5: =VLOOKUP(A5,Sheet1!A5:L24,10,FALSE) -> PASS
A6: 5 | B6: =VLOOKUP(A6,Sheet1!A6:L25,2,FALSE) -> Saraswati | C6: =VLOOKUP(A6,Sheet1!A6:L25,8,FALSE) -> 201 | D6: =VLOOKUP(A6,Sheet1!A6:L25,10,FALSE) -> PASS
A7: 6 | B7: =VLOOKUP(A7,Sheet1!A7:L26,2,FALSE) -> Rakhi | C7: =VLOOKUP(A7,Sheet1!A7:L26,8,FALSE) -> 230 | D7: =VLOOKUP(A7,Sheet1!A7:L26,10,FALSE) -> PASS
A8: 7 | B8: =VLOOKUP(A8,Sheet1!A8:L27,2,FALSE) -> Sakhi | C8: =VLOOKUP(A8,Sheet1!A8:L27,8,FALSE) -> 240 | D8: =VLOOKUP(A8,Sheet1!A8:L27,10,FALSE) -> PASS
A9: 8 | B9: =VLOOKUP(A9,Sheet1!A9:L28,2,FALSE) -> Sakshi | C9: =VLOOKUP(A9,Sheet1!A9:L28,8,FALSE) -> 208 | D9: =VLOOKUP(A9,Sheet1!A9:L28,10,FALSE) -> PASS
A10: 9 | B10: =VLOOKUP(A10,Sheet1!A10:L29,2,FALSE) -> Shreya | C10: =VLOOKUP(A10,Sheet1!A10:L29,8,FALSE) -> 284 | D10: =VLOOKUP(A10,Sheet1!A10:L29,10,FALSE) -> PASS
A11: 10 | B11: =VLOOKUP(A11,Sheet1!A11:L30,2,FALSE) -> Rani | C11: =VLOOKUP(A11,Sheet1!A11:L30,8,FALSE) -> 260 | D11: =VLOOKUP(A11,Sheet1!A11:L30,10,FALSE) -> PASS
A12: 11 | B12: =VLOOKUP(A12,Sheet1!A12:L31,2,FALSE) -> Pari | C12: =VLOOKUP(A12,Sheet1!A12:L31,8,FALSE) -> 248 | D12: =VLOOKUP(A12,Sheet1!A12:L31,10,FALSE) -> PASS
A13: 12 | B13: =VLOOKUP(A13,Sheet1!A13:L32,2,FALSE) -> Shitij | C13: =VLOOKUP(A13,Sheet1!A13:L32,8,FALSE) -> 188 | D13: =VLOOKUP(A13,Sheet1!A13:L32,10,FALSE) -> FAIL
... A21: 20 | B21: =VLOOKUP(A21,Sheet1!A21:L40,2,FALSE) -> Harshal | C21: =VLOOKUP(A21,Sheet1!A21:L40,8,FALSE) -> 252 | D21: =VLOOKUP(A21,Sheet1!A21:L40,10,FALSE) -> PASS
